Workbook

Sheet Weighted scores
A1: Dimension Label | B1: Weighted Overall (/100)
A3: Sum of Score | B3: Column Labels
A4: Row Labels | B4: Caffrey | C4: GPT5.5 | D4: Opus4.8 | E4: RG | F4: Grand Total
A5: ClaudeJudge | B5: 76 | C5: 83 | D5: 85 | E5: 30 | F5: 274
A6: CodexJudge | B6: 30 | C6: 81 | D6: 69 | E6: 14 | F6: 194
A7: GemmaJudge | B7: 94 | C7: 85 | D7: 100 | E7: 36 | F7: 315
A8: Grand Total | B8: 200 | C8: 249 | D8: 254 | E8: 80 | F8: 783

Sheet Dimension scores
A4: Sum of Score | B4: Column Labels
A5: Row Labels | B5: Claude | C5: Codex | D5: Gemma | E5: Grand Total
A6: Caffrey | B6: 21 | C6: 13 | D6: 23 | E6: 57
A7: Calibration & Transparency | B7: 4 | C7: 2 | D7: 4 | E7: 10
A8: Coverage & Comprehensiveness | B8: 3 | C8: 2 | D8: 4 | E8: 9
A9: Sludge-Analysis Quality | B9: 4 | C9: 3 | D9: 4 | E9: 11
A10: Source & Citation Integrity | B10: 3 | C10: 2 | D10: 3 | E10: 8
A11: Structure & Fitness | B11: 3 | C11: 2 | D11: 4 | E11: 9
A12: Substantive Accuracy & Currency | B12: 4 | C12: 2 | D12: 4 | E12: 10
A13: GPT5.5 | B13: 22 | C13: 20 | D13: 24 | E13: 66
A14: Calibration & Transparency | B14: 4 | C14: 4 | D14: 4 | E14: 12
A15: Coverage & Comprehensiveness | B15: 3 | C15: 3 | D15: 4 | E15: 10
A16: Sludge-Analysis Quality | B16: 4 | C16: 4 | D16: 4 | E16: 12
A17: Source & Citation Integrity | B17: 4 | C17: 3 | D17: 4 | E17: 11
... A34: Grand Total | B34: 74 | C34: 58 | D34: 80 | E34: 212

Sheet Pivot_Summary
A1: D1–D6 Scores & Weighted Overall by Judge
A3: Dimension | B3: Judge | C3: Caffrey | D3: GPT5.5 | E3: Opus4.8 | F3: RG
A4: D1 Coverage & Comprehensiveness | B4: Claude | C4: 3 | D4: 3 | E4: 3 | F4: 2
B5: Codex | C5: 2 | D5: 3 | E5: 3 | F5: 1
B6: Gemma | C6: 4 | D6: 4 | E6: 4 | F6: 3
B7: Mean | C7: =AVERAGE(C4:C6) -> 3 | D7: =AVERAGE(D4:D6) -> 3.3333333 | E7: =AVERAGE(E4:E6) -> 3.3333333 | F7: =AVERAGE(F4:F6) -> 2
A8: D2 Source & Citation Integrity | B8: Claude | C8: 3 | D8: 4 | E8: 4 | F8: 1
B9: Codex | C9: 2 | D9: 3 | E9: 3 | F9: 1
B10: Gemma | C10: 3 | D10: 4 | E10: 4 | F10: 0
B11: Mean | C11: =AVERAGE(C8:C10) -> 2.6666667 | D11: =AVERAGE(D8:D10) -> 3.6666667 | E11: =AVERAGE(E8:E10) -> 3.6666667 | F11: =AVERAGE(F8:F10) -> 0.66666667
A12: D3 Substantive Accuracy & Currency | B12: Claude | C12: 4 | D12: 4 | E12: 4 | F12: 2
B13: Codex | C13: 2 | D13: 3 | E13: 3 | F13: 1
B14: Gemma | C14: 4 | D14: 4 | E14: 4 | F14: 2
B15: Mean | C15: =AVERAGE(C12:C14) -> 3.3333333 | D15: =AVERAGE(D12:D14) -> 3.6666667 | E15: =AVERAGE(E12:E14) -> 3.6666667 | F15: =AVERAGE(F12:F14) -> 1.6666667
A16: D4 Sludge-Analysis Quality | B16: Claude | C16: 4 | D16: 4 | E16: 4 | F16: 1
B17: Codex | C17: 3 | D17: 4 | E17: 4 | F17: 0
B18: Gemma | C18: 4 | D18: 4 | E18: 4 | F18: 1
B19: Mean | C19: =AVERAGE(C16:C18) -> 3.6666667 | D19: =AVERAGE(D16:D18) -> 4 | E19: =AVERAGE(E16:E18) -> 4 | F19: =AVERAGE(F16:F18) -> 0.66666667
A20: D5 Structure & Fitness | B20: Claude | C20: 3 | D20: 3 | E20: 4 | F20: 1
B21: Codex | C21: 2 | D21: 3 | E21: 4 | F21: 1
B22: Gemma | C22: 4 | D22: 4 | E22: 4 | F22: 2
B23: Mean | C23: =AVERAGE(C20:C22) -> 3 | D23: =AVERAGE(D20:D22) -> 3.3333333 | E23: =AVERAGE(E20:E22) -> 4 | F23: =AVERAGE(F20:F22) -> 1.3333333
A24: D6 Calibration & Transparency | B24: Claude | C24: 4 | D24: 4 | E24: 4 | F24: 1
B25: Codex | C25: 2 | D25: 4 | E25: 4 | F25: 0
B26: Gemma | C26: 4 | D26: 4 | E26: 4 | F26: 1
B27: Mean | C27: =AVERAGE(C24:C26) -> 3.3333333 | D27: =AVERAGE(D24:D26) -> 4 | E27: =AVERAGE(E24:E26) -> 4 | F27: =AVERAGE(F24:F26) -> 0.66666667
A28: Weighted Overall (/100) | B28: Claude | C28: =Claude_judge!B29 -> 76 | D28: =Claude_judge!C29 -> 83 | E28: =Claude_judge!D29 -> 85 | F28: =Claude_judge!E29 -> 30
B29: Codex | C29: =Codex_judge!#REF! -> #REF! | D29: =Codex_judge!B29 -> 81 | E29: =Codex_judge!C29 -> 69 | F29: =Codex_judge!#REF! -> #REF!
B30: Gemma | C30: =Gemma_judge!B29 -> 94 | D30: =Gemma_judge!C29 -> 85 | E30: =Gemma_judge!D29 -> 100 | F30: =Gemma_judge!E29 -> 36
B31: Mean | C31: =AVERAGE(C28:C30) -> #REF! | D31: =AVERAGE(D28:D30) -> 83 | E31: =AVERAGE(E28:E30) -> 84.666667 | F31: =AVERAGE(F28:F30) -> #REF!

Sheet Claude_judge
A1: Policy-Sludge Outputs — Comparison (up to 6, auto-computed)
A2: Enter each output's six RAW 0–4 scores and its flags. The sheet applies caps and computes effective scores, weighted overall, tier, overlay, and rank.
A3: Row | B3: Report A | C3: Report B | D3: Report C | E3: Report D | F3: Output E | G3: Output F
A4: D1 Coverage & Comprehensiveness (raw) | B4: 3 | C4: 3 | D4: 3 | E4: 2
A5: D2 Source & Citation Integrity (raw) | B5: 3 | C5: 4 | D5: 4 | E5: 1
A6: D3 Substantive Accuracy & Currency (raw) | B6: 4 | C6: 4 | D6: 4 | E6: 2
A7: D4 Sludge-Analysis Quality (raw) | B7: 4 | C7: 4 | D7: 4 | E7: 1
A8: D5 Structure & Fitness (raw) | B8: 3 | C8: 3 | D8: 4 | E8: 1
A9: D6 Calibration & Transparency (raw) | B9: 4 | C9: 4 | D9: 4 | E9: 1
A10: FLAGS (Y/N; severity where shown)
A11: F1 Fabricated (Y/N) | B11: N | C11: N | D11: N | E11: N | F11: N | G11: N
A12: F1 severity (Central/Peripheral) | B12: Central | C12: Central | D12: Central | E12: Central | F12: Central | G12: Central
A13: F2 Misattribution (Y/N) | B13: N | C13: N | D13: N | E13: N | F13: N | G13: N
A14: F3 Stale-as-current (Y/N) | B14: N | C14: N | D14: N | E14: N | F14: N | G14: N
A15: F3 severity | B15: Central | C15: Central | D15: Central | E15: Central | F15: Central | G15: Central
A16: F4 Invented obligation (Y/N) | B16: N | C16: N | D16: N | E16: N | F16: N | G16: N
A17: F4 severity | B17: Central | C17: Central | D17: Central | E17: Central | F17: Central | G17: Central
A18: F5 False exhaustiveness (Y/N) | B18: N | C18: N | D18: N | E18: Y | F18: N | G18: N
A19: F6 Scope evasion (Y/N) | B19: Y | C19: Y | D19: Y | E19: Y | F19: N | G19: N
A20: F7 Unsupported central conclusion (Y/N) | B20: N | C20: N | D20: N | E20: Y | F20: N | G20: N
A21: EFFECTIVE (auto)
A22: eff D1 | B22: =IF(B19="Y",MIN(B4,1),B4) -> 1 | C22: =IF(C19="Y",MIN(C4,1),C4) -> 1 | D22: =IF(D19="Y",MIN(D4,1),D4) -> 1 | E22: =IF(E19="Y",MIN(E4,1),E4) -> 1 | F22: =IF(F19="Y",MIN(F4,1),F4) -> 0 | G22: =IF(G19="Y",MIN(G4,1),G4) -> 0
A23: eff D2 | B23: =IF(AND(B11="Y",B12="Central"),0,IF(OR(B11="Y",B13="Y",B20="Y"),MIN(B5,1),B5)) -> 3 | C23: =IF(AND(C11="Y",C12="Central"),0,IF(OR(C11="Y",C13="Y",C20="Y"),MIN(C5,1),C5)) -> 4 | D23: =IF(AND(D11="Y",D12="Central"),0,IF(OR(D11="Y",D13="Y",D20="Y"),MIN(D5,1),D5)) -> 4 | E23: =IF(AND(E11="Y",E12="Central"),0,IF(OR(E11="Y",E13="Y",E20="Y"),MIN(E5,1),E5)) -> 1 | F23: =IF(AND(F11="Y",F12="Central"),0,IF(OR(F11="Y",F13="Y",F20="Y"),MIN(F5,1),F5)) -> 0 | G23: =IF(AND(G11="Y",G12="Central"),0,IF(OR(G11="Y",G13="Y",G20="Y"),MIN(G5,1),G5)) -> 0
A24: eff D3 | B24: =IF(OR(AND(B14="Y",B15="Central"),AND(B16="Y",B17="Central")),0,IF(OR(B14="Y",B16="Y"),MIN(B6,1),B6)) -> 4 | C24: =IF(OR(AND(C14="Y",C15="Central"),AND(C16="Y",C17="Central")),0,IF(OR(C14="Y",C16="Y"),MIN(C6,1),C6)) -> 4 | D24: =IF(OR(AND(D14="Y",D15="Central"),AND(D16="Y",D17="Central")),0,IF(OR(D14="Y",D16="Y"),MIN(D6,1),D6)) -> 4 | E24: =IF(OR(AND(E14="Y",E15="Central"),AND(E16="Y",E17="Central")),0,IF(OR(E14="Y",E16="Y"),MIN(E6,1),E6)) -> 2 | F24: =IF(OR(AND(F14="Y",F15="Central"),AND(F16="Y",F17="Central")),0,IF(OR(F14="Y",F16="Y"),MIN(F6,1),F6)) -> 0 | G24: =IF(OR(AND(G14="Y",G15="Central"),AND(G16="Y",G17="Central")),0,IF(OR(G14="Y",G16="Y"),MIN(G6,1),G6)) -> 0
A25: eff D4 | B25: =B7 -> 4 | C25: =C7 -> 4 | D25: =D7 -> 4 | E25: =E7 -> 1 | F25: =F7 -> 0 | G25: =G7 -> 0
A26: eff D5 | B26: =B8 -> 3 | C26: =C8 -> 3 | D26: =D8 -> 4 | E26: =E8 -> 1 | F26: =F8 -> 0 | G26: =G8 -> 0
A27: eff D6 | B27: =IF(B18="Y",MIN(B9,1),B9) -> 4 | C27: =IF(C18="Y",MIN(C9,1),C9) -> 4 | D27: =IF(D18="Y",MIN(D9,1),D9) -> 4 | E27: =IF(E18="Y",MIN(E9,1),E9) -> 1 | F27: =IF(F18="Y",MIN(F9,1),F9) -> 0 | G27: =IF(G18="Y",MIN(G9,1),G9) -> 0
A29: Weighted overall (/100) | B29: =IF(COUNT(B4:B9)<6,"",ROUND((20*B22+25*B23+20*B24+15*B25+10*B26+10*B27)/4,0)) -> 76 | C29: =IF(COUNT(C4:C9)<6,"",ROUND((20*C22+25*C23+20*C24+15*C25+10*C26+10*C27)/4,0)) -> 83 | D29: =IF(COUNT(D4:D9)<6,"",ROUND((20*D22+25*D23+20*D24+15*D25+10*D26+10*D27)/4,0)) -> 85 | E29: =IF(COUNT(E4:E9)<6,"",ROUND((20*E22+25*E23+20*E24+15*E25+10*E26+10*E27)/4,0)) -> 30 | F29: =IF(COUNT(F4:F9)<6,"",ROUND((20*F22+25*F23+20*F24+15*F25+10*F26+10*F27)/4,0)) | G29: =IF(COUNT(G4:G9)<6,"",ROUND((20*G22+25*G23+20*G24+15*G25+10*G26+10*G27)/4,0))
A30: Tier | B30: =IF(B29="","",IF(B29>=85,"A",IF(B29>=70,"B",IF(B29>=50,"C",IF(B29>=30,"D","E"))))) -> B | C30: =IF(C29="","",IF(C29>=85,"A",IF(C29>=70,"B",IF(C29>=50,"C",IF(C29>=30,"D","E"))))) -> B | D30: =IF(D29="","",IF(D29>=85,"A",IF(D29>=70,"B",IF(D29>=50,"C",IF(D29>=30,"D","E"))))) -> A | E30: =IF(E29="","",IF(E29>=85,"A",IF(E29>=70,"B",IF(E29>=50,"C",IF(E29>=30,"D","E"))))) -> D | F30: =IF(F29="","",IF(F29>=85,"A",IF(F29>=70,"B",IF(F29>=50,"C",IF(F29>=30,"D","E"))))) | G30: =IF(G29="","",IF(G29>=85,"A",IF(G29>=70,"B",IF(G29>=50,"C",IF(G29>=30,"D","E")))))
A31: Reliability overlay | B31: =IF(B29="","",IF(OR(B11="Y",B13="Y",B14="Y",B16="Y",B18="Y",B20="Y"),IF(B19="Y","INTEG+SCOPE","INTEGRITY"),IF(B19="Y","SCOPE","Clean"))) -> SCOPE | C31: =IF(C29="","",IF(OR(C11="Y",C13="Y",C14="Y",C16="Y",C18="Y",C20="Y"),IF(C19="Y","INTEG+SCOPE","INTEGRITY"),IF(C19="Y","SCOPE","Clean"))) -> SCOPE | D31: =IF(D29="","",IF(OR(D11="Y",D13="Y",D14="Y",D16="Y",D18="Y",D20="Y"),IF(D19="Y","INTEG+SCOPE","INTEGRITY"),IF(D19="Y","SCOPE","Clean"))) -> SCOPE | E31: =IF(E29="","",IF(OR(E11="Y",E13="Y",E14="Y",E16="Y",E18="Y",E20="Y"),IF(E19="Y","INTEG+SCOPE","INTEGRITY"),IF(E19="Y","SCOPE","Clean"))) -> INTEG+SCOPE | F31: =IF(F29="","",IF(OR(F11="Y",F13="Y",F14="Y",F16="Y",F18="Y",F20="Y"),IF(F19="Y","INTEG+SCOPE","INTEGRITY"),IF(F19="Y","SCOPE","Clean"))) | G31: =IF(G29="","",IF(OR(G11="Y",G13="Y",G14="Y",G16="Y",G18="Y",G20="Y"),IF(G19="Y","INTEG+SCOPE","INTEGRITY"),IF(G19="Y","SCOPE","Clean")))
A32: Rank (by overall) | B32: =IF(B29="","",SUMPRODUCT(($B$29:$G$29<>"")*($B$29:$G$29>B29))+1) -> 3 | C32: =IF(C29="","",SUMPRODUCT(($B$29:$G$29<>"")*($B$29:$G$29>C29))+1) -> 2 | D32: =IF(D29="","",SUMPRODUCT(($B$29:$G$29<>"")*($B$29:$G$29>D29))+1) -> 1 | E32: =IF(E29="","",SUMPRODUCT(($B$29:$G$29<>"")*($B$29:$G$29>E29))+1) -> 4 | F32: =IF(F29="","",SUMPRODUCT(($B$29:$G$29<>"")*($B$29:$G$29>F29))+1) | G32: =IF(G29="","",SUMPRODUCT(($B$29:$G$29<>"")*($B$29:$G$29>G29))+1)
A34: Note: Rank is by numeric overall only. Any output marked INTEGRITY / INTEG+SCOPE in the overlay row should not be relied on regardless of rank.

Sheet Codex_judge
A1: Policy-Sludge Outputs — Comparison (Codex-as-judge)
A2: Enter each output's six RAW 0–4 scores and its flags. The sheet applies caps and computes effective scores, weighted overall, tier, overlay, and rank.
A3: Row | B3: GPT5.5 | C3: Opus4.8 | D3: GPT5.5-orig | E3: Opus4.8-orig | F3: Caffrey | G3: Kimi2.5 | H3: GLM5.2
A4: D1 Coverage & Comprehensiveness (raw) | B4: 3 | C4: 3 | D4: 2 | E4: 2 | F4: 2 | G4: 2 | H4: 2
A5: D2 Source & Citation Integrity (raw) | B5: 3 | C5: 3 | D5: 2 | E5: 2 | F5: 2 | G5: 2 | H5: 1
A6: D3 Substantive Accuracy & Currency (raw) | B6: 3 | C6: 3 | D6: 2 | E6: 1 | F6: 2 | G6: 1 | H6: 1
A7: D4 Sludge-Analysis Quality (raw) | B7: 4 | C7: 4 | D7: 4 | E7: 3 | F7: 3 | G7: 2 | H7: 2
A8: D5 Structure & Fitness (raw) | B8: 3 | C8: 4 | D8: 2 | E8: 2 | F8: 2 | G8: 2 | H8: 2
A9: D6 Calibration & Transparency (raw) | B9: 4 | C9: 4 | D9: 3 | E9: 2 | F9: 2 | G9: 2 | H9: 1
A10: FLAGS (Y/N; severity where shown)
A11: F1 Fabricated (Y/N) | B11: N | C11: N | D11: N | E11: N | F11: N | G11: Y | H11: Y
A12: F1 severity (Central/Peripheral) | B12: Central | C12: Central | D12: Central | E12: Central | F12: Central | G12: Central | H12: Central
A13: F2 Misattribution (Y/N) | B13: N | C13: N | D13: N | E13: Y | F13: Y | G13: Y | H13: Y
A14: F3 Stale-as-current (Y/N) | B14: N | C14: Y | D14: Y | E14: Y | F14: Y | G14: Y | H14: Y
A15: F3 severity | B15: Central | C15: Peripheral | D15: Central | E15: Central | F15: Central | G15: Central | H15: Central
A16: F4 Invented obligation (Y/N) | B16: N | C16: Y | D16: Y | E16: Y | F16: Y | G16: Y | H16: Y
A17: F4 severity | B17: Central | C17: Central | D17: Central | E17: Central | F17: Peripheral | G17: Central | H17: Central
A18: F5 False exhaustiveness (Y/N) | B18: N | C18: N | D18: N | E18: N | F18: Y | G18: Y | H18: Y
A19: F6 Scope evasion (Y/N) | B19: N | C19: N | D19: Y | E19: Y | F19: Y | G19: N | H19: N
A20: F7 Unsupported central conclusion (Y/N) | B20: N | C20: N | D20: N | E20: N | F20: N | G20: Y | H20: Y
A21: EFFECTIVE (auto)
A22: eff D1 | B22: =IF(B19="Y",MIN(B4,1),B4) -> 3 | C22: =IF(C19="Y",MIN(C4,1),C4) -> 3 | D22: =IF(D19="Y",MIN(D4,1),D4) -> 1 | E22: =IF(E19="Y",MIN(E4,1),E4) -> 1 | F22: =IF(F19="Y",MIN(F4,1),F4) -> 1 | G22: =IF(G19="Y",MIN(G4,1),G4) -> 2 | H22: =IF(H19="Y",MIN(H4,1),H4) -> 2
A23: eff D2 | B23: =IF(AND(B11="Y",B12="Central"),0,IF(OR(B11="Y",B13="Y",B20="Y"),MIN(B5,1),B5)) -> 3 | C23: =IF(AND(C11="Y",C12="Central"),0,IF(OR(C11="Y",C13="Y",C20="Y"),MIN(C5,1),C5)) -> 3 | D23: =IF(AND(D11="Y",D12="Central"),0,IF(OR(D11="Y",D13="Y",D20="Y"),MIN(D5,1),D5)) -> 2 | E23: =IF(AND(E11="Y",E12="Central"),0,IF(OR(E11="Y",E13="Y",E20="Y"),MIN(E5,1),E5)) -> 1 | F23: =IF(AND(F11="Y",F12="Central"),0,IF(OR(F11="Y",F13="Y",F20="Y"),MIN(F5,1),F5)) -> 1 | G23: =IF(AND(G11="Y",G12="Central"),0,IF(OR(G11="Y",G13="Y",G20="Y"),MIN(G5,1),G5)) -> 0 | H23: =IF(AND(H11="Y",H12="Central"),0,IF(OR(H11="Y",H13="Y",H20="Y"),MIN(H5,1),H5)) -> 0
A24: eff D3 | B24: =IF(OR(AND(B14="Y",B15="Central"),AND(B16="Y",B17="Central")),0,IF(OR(B14="Y",B16="Y"),MIN(B6,1),B6)) -> 3 | C24: =IF(OR(AND(C14="Y",C15="Central"),AND(C16="Y",C17="Central")),0,IF(OR(C14="Y",C16="Y"),MIN(C6,1),C6)) -> 0 | D24: =IF(OR(AND(D14="Y",D15="Central"),AND(D16="Y",D17="Central")),0,IF(OR(D14="Y",D16="Y"),MIN(D6,1),D6)) -> 0 | E24: =IF(OR(AND(E14="Y",E15="Central"),AND(E16="Y",E17="Central")),0,IF(OR(E14="Y",E16="Y"),MIN(E6,1),E6)) -> 0 | F24: =IF(OR(AND(F14="Y",F15="Central"),AND(F16="Y",F17="Central")),0,IF(OR(F14="Y",F16="Y"),MIN(F6,1),F6)) -> 0 | G24: =IF(OR(AND(G14="Y",G15="Central"),AND(G16="Y",G17="Central")),0,IF(OR(G14="Y",G16="Y"),MIN(G6,1),G6)) -> 0 | H24: =IF(OR(AND(H14="Y",H15="Central"),AND(H16="Y",H17="Central")),0,IF(OR(H14="Y",H16="Y"),MIN(H6,1),H6)) -> 0
A25: eff D4 | B25: =B7 -> 4 | C25: =C7 -> 4 | D25: =D7 -> 4 | E25: =E7 -> 3 | F25: =F7 -> 3 | G25: =G7 -> 2 | H25: =H7 -> 2
A26: eff D5 | B26: =B8 -> 3 | C26: =C8 -> 4 | D26: =D8 -> 2 | E26: =E8 -> 2 | F26: =F8 -> 2 | G26: =G8 -> 2 | H26: =H8 -> 2
A27: eff D6 | B27: =IF(B18="Y",MIN(B9,1),B9) -> 4 | C27: =IF(C18="Y",MIN(C9,1),C9) -> 4 | D27: =IF(D18="Y",MIN(D9,1),D9) -> 3 | E27: =IF(E18="Y",MIN(E9,1),E9) -> 2 | F27: =IF(F18="Y",MIN(F9,1),F9) -> 1 | G27: =IF(G18="Y",MIN(G9,1),G9) -> 1 | H27: =IF(H18="Y",MIN(H9,1),H9) -> 1
A29: Weighted overall (/100) | B29: =IF(COUNT(B4:B9)<6,"",ROUND((20*B22+25*B23+20*B24+15*B25+10*B26+10*B27)/4,0)) -> 81 | C29: =IF(COUNT(C4:C9)<6,"",ROUND((20*C22+25*C23+20*C24+15*C25+10*C26+10*C27)/4,0)) -> 69 | D29: =IF(COUNT(D4:D9)<6,"",ROUND((20*D22+25*D23+20*D24+15*D25+10*D26+10*D27)/4,0)) -> 45 | E29: =IF(COUNT(E4:E9)<6,"",ROUND((20*E22+25*E23+20*E24+15*E25+10*E26+10*E27)/4,0)) -> 33 | F29: =IF(COUNT(F4:F9)<6,"",ROUND((20*F22+25*F23+20*F24+15*F25+10*F26+10*F27)/4,0)) -> 30 | G29: =IF(COUNT(G4:G9)<6,"",ROUND((20*G22+25*G23+20*G24+15*G25+10*G26+10*G27)/4,0)) -> 25 | H29: =IF(COUNT(H4:H9)<6,"",ROUND((20*H22+25*H23+20*H24+15*H25+10*H26+10*H27)/4,0)) -> 25
A30: Tier | B30: =IF(B29="","",IF(B29>=85,"A",IF(B29>=70,"B",IF(B29>=50,"C",IF(B29>=30,"D","E"))))) -> B | C30: =IF(C29="","",IF(C29>=85,"A",IF(C29>=70,"B",IF(C29>=50,"C",IF(C29>=30,"D","E"))))) -> C | D30: =IF(D29="","",IF(D29>=85,"A",IF(D29>=70,"B",IF(D29>=50,"C",IF(D29>=30,"D","E"))))) -> D | E30: =IF(E29="","",IF(E29>=85,"A",IF(E29>=70,"B",IF(E29>=50,"C",IF(E29>=30,"D","E"))))) -> D | F30: =IF(F29="","",IF(F29>=85,"A",IF(F29>=70,"B",IF(F29>=50,"C",IF(F29>=30,"D","E"))))) -> D | G30: =IF(G29="","",IF(G29>=85,"A",IF(G29>=70,"B",IF(G29>=50,"C",IF(G29>=30,"D","E"))))) -> E | H30: =IF(H29="","",IF(H29>=85,"A",IF(H29>=70,"B",IF(H29>=50,"C",IF(H29>=30,"D","E"))))) -> E
A31: Reliability overlay | B31: =IF(B29="","",IF(OR(B11="Y",B13="Y",B14="Y",B16="Y",B18="Y",B20="Y"),IF(B19="Y","INTEG+SCOPE","INTEGRITY"),IF(B19="Y","SCOPE","Clean"))) -> Clean | C31: =IF(C29="","",IF(OR(C11="Y",C13="Y",C14="Y",C16="Y",C18="Y",C20="Y"),IF(C19="Y","INTEG+SCOPE","INTEGRITY"),IF(C19="Y","SCOPE","Clean"))) -> INTEGRITY | D31: =IF(D29="","",IF(OR(D11="Y",D13="Y",D14="Y",D16="Y",D18="Y",D20="Y"),IF(D19="Y","INTEG+SCOPE","INTEGRITY"),IF(D19="Y","SCOPE","Clean"))) -> INTEG+SCOPE | E31: =IF(E29="","",IF(OR(E11="Y",E13="Y",E14="Y",E16="Y",E18="Y",E20="Y"),IF(E19="Y","INTEG+SCOPE","INTEGRITY"),IF(E19="Y","SCOPE","Clean"))) -> INTEG+SCOPE | F31: =IF(F29="","",IF(OR(F11="Y",F13="Y",F14="Y",F16="Y",F18="Y",F20="Y"),IF(F19="Y","INTEG+SCOPE","INTEGRITY"),IF(F19="Y","SCOPE","Clean"))) -> INTEG+SCOPE | G31: =IF(G29="","",IF(OR(G11="Y",G13="Y",G14="Y",G16="Y",G18="Y",G20="Y"),IF(G19="Y","INTEG+SCOPE","INTEGRITY"),IF(G19="Y","SCOPE","Clean"))) -> INTEGRITY | H31: =IF(H29="","",IF(OR(H11="Y",H13="Y",H14="Y",H16="Y",H18="Y",H20="Y"),IF(H19="Y","INTEG+SCOPE","INTEGRITY"),IF(H19="Y","SCOPE","Clean"))) -> INTEGRITY
A32: Rank (by overall) | B32: =IF(B29="","",SUMPRODUCT(($B$29:$D$29<>"")*($B$29:$D$29>B29))+1) -> 1 | C32: =IF(C29="","",SUMPRODUCT(($B$29:$D$29<>"")*($B$29:$D$29>C29))+1) -> 2 | D32: =IF(D29="","",SUMPRODUCT(($B$29:$D$29<>"")*($B$29:$D$29>D29))+1) -> 3 | E32: =IF(E29="","",SUMPRODUCT(($B$29:$D$29<>"")*($B$29:$D$29>E29))+1) -> 4 | F32: 5 | G32: 6 | H32: 6
A34: Note: Rank is by numeric overall only. Any output marked INTEGRITY / INTEG+SCOPE in the overlay row should not be relied on regardless of rank.

Sheet Raw_Data
A1: Judge | B1: Report | C1: Dimension | D1: Dimension Label | E1: Score
A2: Claude | B2: Report A | C2: D1 | D2: Coverage & Comprehensiveness | E2: 3
A3: Claude | B3: Report B | C3: D1 | D3: Coverage & Comprehensiveness | E3: 3
A4: Claude | B4: Report C | C4: D1 | D4: Coverage & Comprehensiveness | E4: 3
A5: Claude | B5: Report D | C5: D1 | D5: Coverage & Comprehensiveness | E5: 2
A6: Claude | B6: Report A | C6: D2 | D6: Source & Citation Integrity | E6: 3
A7: Claude | B7: Report B | C7: D2 | D7: Source & Citation Integrity | E7: 4
A8: Claude | B8: Report C | C8: D2 | D8: Source & Citation Integrity | E8: 4
A9: Claude | B9: Report D | C9: D2 | D9: Source & Citation Integrity | E9: 1
A10: Claude | B10: Report A | C10: D3 | D10: Substantive Accuracy & Currency | E10: 4
A11: Claude | B11: Report B | C11: D3 | D11: Substantive Accuracy & Currency | E11: 4
A12: Claude | B12: Report C | C12: D3 | D12: Substantive Accuracy & Currency | E12: 4
A13: Claude | B13: Report D | C13: D3 | D13: Substantive Accuracy & Currency | E13: 2
... A85: Gemma | B85: Report D | C85: Weighted Overall | D85: Weighted Overall (/100) | E85: 36

Sheet Gemma_judge
A1: Policy-Sludge Outputs — Comparison (up to 6, auto-computed)
A2: Enter each output's six RAW 0–4 scores and its flags. The sheet applies caps and computes effective scores, weighted overall, tier, overlay, and rank.
A3: Row | B3: Report A | C3: Report B | D3: Report C | E3: Report D | F3: Output E | G3: Output F
A4: D1 Coverage & Comprehensiveness (raw) | B4: 4 | C4: 4 | D4: 4 | E4: 3
A5: D2 Source & Citation Integrity (raw) | B5: 3 | C5: 4 | D5: 4 | E5: 0
A6: D3 Substantive Accuracy & Currency (raw) | B6: 4 | C6: 4 | D6: 4 | E6: 2
A7: D4 Sludge-Analysis Quality (raw) | B7: 4 | C7: 4 | D7: 4 | E7: 1
A8: D5 Structure & Fitness (raw) | B8: 4 | C8: 4 | D8: 4 | E8: 2
A9: D6 Calibration & Transparency (raw) | B9: 4 | C9: 4 | D9: 4 | E9: 1
A10: FLAGS (Y/N; severity where shown)
A11: F1 Fabricated (Y/N) | B11: N | C11: N | D11: N | E11: Y | F11: N | G11: N
A12: F1 severity (Central/Peripheral) | B12: Central | C12: Central | D12: Central | E12: Central | F12: Central | G12: Central
A13: F2 Misattribution (Y/N) | B13: N | C13: N | D13: N | E13: N | F13: N | G13: N
A14: F3 Stale-as-current (Y/N) | B14: N | C14: Y | D14: N | E14: N | F14: N | G14: N
A15: F3 severity | B15: Central | C15: Peripheral | D15: Central | E15: Central | F15: Central | G15: Central
A16: F4 Invented obligation (Y/N) | B16: N | C16: N | D16: N | E16: N | F16: N | G16: N
A17: F4 severity | B17: Central | C17: Central | D17: Central | E17: Central | F17: Central | G17: Central
A18: F5 False exhaustiveness (Y/N) | B18: N | C18: N | D18: N | E18: Y | F18: N | G18: N
A19: F6 Scope evasion (Y/N) | B19: N | C19: N | D19: N | E19: N | F19: N | G19: N
A20: F7 Unsupported central conclusion (Y/N) | B20: N | C20: N | D20: N | E20: Y | F20: N | G20: N
A21: EFFECTIVE (auto)
A22: eff D1 | B22: =IF(B19="Y",MIN(B4,1),B4) -> 4 | C22: =IF(C19="Y",MIN(C4,1),C4) -> 4 | D22: =IF(D19="Y",MIN(D4,1),D4) -> 4 | E22: =IF(E19="Y",MIN(E4,1),E4) -> 3 | F22: =IF(F19="Y",MIN(F4,1),F4) -> 0 | G22: =IF(G19="Y",MIN(G4,1),G4) -> 0
A23: eff D2 | B23: =IF(AND(B11="Y",B12="Central"),0,IF(OR(B11="Y",B13="Y",B20="Y"),MIN(B5,1),B5)) -> 3 | C23: =IF(AND(C11="Y",C12="Central"),0,IF(OR(C11="Y",C13="Y",C20="Y"),MIN(C5,1),C5)) -> 4 | D23: =IF(AND(D11="Y",D12="Central"),0,IF(OR(D11="Y",D13="Y",D20="Y"),MIN(D5,1),D5)) -> 4 | E23: =IF(AND(E11="Y",E12="Central"),0,IF(OR(E11="Y",E13="Y",E20="Y"),MIN(E5,1),E5)) -> 0 | F23: =IF(AND(F11="Y",F12="Central"),0,IF(OR(F11="Y",F13="Y",F20="Y"),MIN(F5,1),F5)) -> 0 | G23: =IF(AND(G11="Y",G12="Central"),0,IF(OR(G11="Y",G13="Y",G20="Y"),MIN(G5,1),G5)) -> 0
A24: eff D3 | B24: =IF(OR(AND(B14="Y",B15="Central"),AND(B16="Y",B17="Central")),0,IF(OR(B14="Y",B16="Y"),MIN(B6,1),B6)) -> 4 | C24: =IF(OR(AND(C14="Y",C15="Central"),AND(C16="Y",C17="Central")),0,IF(OR(C14="Y",C16="Y"),MIN(C6,1),C6)) -> 1 | D24: =IF(OR(AND(D14="Y",D15="Central"),AND(D16="Y",D17="Central")),0,IF(OR(D14="Y",D16="Y"),MIN(D6,1),D6)) -> 4 | E24: =IF(OR(AND(E14="Y",E15="Central"),AND(E16="Y",E17="Central")),0,IF(OR(E14="Y",E16="Y"),MIN(E6,1),E6)) -> 2 | F24: =IF(OR(AND(F14="Y",F15="Central"),AND(F16="Y",F17="Central")),0,IF(OR(F14="Y",F16="Y"),MIN(F6,1),F6)) -> 0 | G24: =IF(OR(AND(G14="Y",G15="Central"),AND(G16="Y",G17="Central")),0,IF(OR(G14="Y",G16="Y"),MIN(G6,1),G6)) -> 0
A25: eff D4 | B25: =B7 -> 4 | C25: =C7 -> 4 | D25: =D7 -> 4 | E25: =E7 -> 1 | F25: =F7 -> 0 | G25: =G7 -> 0
A26: eff D5 | B26: =B8 -> 4 | C26: =C8 -> 4 | D26: =D8 -> 4 | E26: =E8 -> 2 | F26: =F8 -> 0 | G26: =G8 -> 0
A27: eff D6 | B27: =IF(B18="Y",MIN(B9,1),B9) -> 4 | C27: =IF(C18="Y",MIN(C9,1),C9) -> 4 | D27: =IF(D18="Y",MIN(D9,1),D9) -> 4 | E27: =IF(E18="Y",MIN(E9,1),E9) -> 1 | F27: =IF(F18="Y",MIN(F9,1),F9) -> 0 | G27: =IF(G18="Y",MIN(G9,1),G9) -> 0
A29: Weighted overall (/100) | B29: =IF(COUNT(B4:B9)<6,"",ROUND((20*B22+25*B23+20*B24+15*B25+10*B26+10*B27)/4,0)) -> 94 | C29: =IF(COUNT(C4:C9)<6,"",ROUND((20*C22+25*C23+20*C24+15*C25+10*C26+10*C27)/4,0)) -> 85 | D29: =IF(COUNT(D4:D9)<6,"",ROUND((20*D22+25*D23+20*D24+15*D25+10*D26+10*D27)/4,0)) -> 100 | E29: =IF(COUNT(E4:E9)<6,"",ROUND((20*E22+25*E23+20*E24+15*E25+10*E26+10*E27)/4,0)) -> 36 | F29: =IF(COUNT(F4:F9)<6,"",ROUND((20*F22+25*F23+20*F24+15*F25+10*F26+10*F27)/4,0)) | G29: =IF(COUNT(G4:G9)<6,"",ROUND((20*G22+25*G23+20*G24+15*G25+10*G26+10*G27)/4,0))
A30: Tier | B30: =IF(B29="","",IF(B29>=85,"A",IF(B29>=70,"B",IF(B29>=50,"C",IF(B29>=30,"D","E"))))) -> A | C30: =IF(C29="","",IF(C29>=85,"A",IF(C29>=70,"B",IF(C29>=50,"C",IF(C29>=30,"D","E"))))) -> A | D30: =IF(D29="","",IF(D29>=85,"A",IF(D29>=70,"B",IF(D29>=50,"C",IF(D29>=30,"D","E"))))) -> A | E30: =IF(E29="","",IF(E29>=85,"A",IF(E29>=70,"B",IF(E29>=50,"C",IF(E29>=30,"D","E"))))) -> D | F30: =IF(F29="","",IF(F29>=85,"A",IF(F29>=70,"B",IF(F29>=50,"C",IF(F29>=30,"D","E"))))) | G30: =IF(G29="","",IF(G29>=85,"A",IF(G29>=70,"B",IF(G29>=50,"C",IF(G29>=30,"D","E")))))
A31: Reliability overlay | B31: =IF(B29="","",IF(OR(B11="Y",B13="Y",B14="Y",B16="Y",B18="Y",B20="Y"),IF(B19="Y","INTEG+SCOPE","INTEGRITY"),IF(B19="Y","SCOPE","Clean"))) -> Clean | C31: =IF(C29="","",IF(OR(C11="Y",C13="Y",C14="Y",C16="Y",C18="Y",C20="Y"),IF(C19="Y","INTEG+SCOPE","INTEGRITY"),IF(C19="Y","SCOPE","Clean"))) -> INTEGRITY | D31: =IF(D29="","",IF(OR(D11="Y",D13="Y",D14="Y",D16="Y",D18="Y",D20="Y"),IF(D19="Y","INTEG+SCOPE","INTEGRITY"),IF(D19="Y","SCOPE","Clean"))) -> Clean | E31: =IF(E29="","",IF(OR(E11="Y",E13="Y",E14="Y",E16="Y",E18="Y",E20="Y"),IF(E19="Y","INTEG+SCOPE","INTEGRITY"),IF(E19="Y","SCOPE","Clean"))) -> INTEGRITY | F31: =IF(F29="","",IF(OR(F11="Y",F13="Y",F14="Y",F16="Y",F18="Y",F20="Y"),IF(F19="Y","INTEG+SCOPE","INTEGRITY"),IF(F19="Y","SCOPE","Clean"))) | G31: =IF(G29="","",IF(OR(G11="Y",G13="Y",G14="Y",G16="Y",G18="Y",G20="Y"),IF(G19="Y","INTEG+SCOPE","INTEGRITY"),IF(G19="Y","SCOPE","Clean")))
A32: Rank (by overall) | B32: =IF(B29="","",SUMPRODUCT(($B$29:$G$29<>"")*($B$29:$G$29>B29))+1) -> 2 | C32: =IF(C29="","",SUMPRODUCT(($B$29:$G$29<>"")*($B$29:$G$29>C29))+1) -> 3 | D32: =IF(D29="","",SUMPRODUCT(($B$29:$G$29<>"")*($B$29:$G$29>D29))+1) -> 1 | E32: =IF(E29="","",SUMPRODUCT(($B$29:$G$29<>"")*($B$29:$G$29>E29))+1) -> 4 | F32: =IF(F29="","",SUMPRODUCT(($B$29:$G$29<>"")*($B$29:$G$29>F29))+1) | G32: =IF(G29="","",SUMPRODUCT(($B$29:$G$29<>"")*($B$29:$G$29>G29))+1)
A34: Note: Rank is by numeric overall only. Any output marked INTEGRITY / INTEG+SCOPE in the overlay row should not be relied on regardless of rank.
